Артикул;Артикул;Наименование;Наименование;Цвет;Размер;Склад;Остаток;Цена;Валюта;Раздел 1;Раздел 2;Раздел 3
110522;110522;Soukai Carrot Pant Брюки арт. 110522;Soukai Carrot Pant Брюки арт. 110522;904;XL;Центральный;1.00;67.40;BYN;Женщины;Обувь;Бег
110879;110879;AY Graphic Hooded Jacket Куркта арт. 110879;AY Graphic Hooded Jacket Куркта арт. 110879;2025;XS;Магазин, Немига 5;1.00;53.90;BYN;Женщины;Обувь;Бег
110879;110879;AY Graphic Hooded Jacket Куркта арт. 110879;AY Graphic Hooded Jacket Куркта арт. 110879;2025;S;Магазин, Немига 5;1.00;53.90;BYN;Женщины;Обувь;Бег
110879;110879;AY Graphic Hooded Jacket Куркта арт. 110879;AY Graphic Hooded Jacket Куркта арт. 110879;2025;M;Магазин, Немига 5;1.00;53.90;BYN;Женщины;Обувь;Бег
110879;110879;AY Graphic Hooded Jacket Куркта арт. 110879;AY Graphic Hooded Jacket Куркта арт. 110879;2025;XL;Магазин, Немига 5;1.00;53.90;BYN;Женщины;Обувь;Бег
110885;110885;AY Graphic Tee Майка арт. 110885;AY Graphic Tee Майка арт. 110885;2015;S;Магазин, Немига 5;1.00;30.20;BYN;Женщины;Обувь;Бег
420810;420810;AY CARROT PANT Брюки арт. 420810;AY CARROT PANT Брюки арт. 420810;271;S;Магазин, Немига 5;1.00;59.30;BYN;Женщины;Обувь;Бег
420810;420810;AY CARROT PANT Брюки арт. 420810;AY CARROT PANT Брюки арт. 420810;271;XS;Магазин, Ленинградская 1;2.00;59.30;BYN;Женщины;Обувь;Бег
420810;420810;AY CARROT PANT Брюки арт. 420810;AY CARROT PANT Брюки арт. 420810;271;S;Магазин, Ленинградская 1;1.00;59.30;BYN;Женщины;Обувь;Бег
420810;420810;AY CARROT PANT Брюки арт. 420810;AY CARROT PANT Брюки арт. 420810;271;L;Магазин, Ленинградская 1;2.00;59.30;BYN;Женщины;Обувь;Бег
420810;420810;AY CARROT PANT Брюки арт. 420810;AY CARROT PANT Брюки арт. 420810;904;L;Магазин, Ленинградская 1;1.00;59.30;BYN;Женщины;Обувь;Бег
110462;110462;Cuffed Knit Pant Брюки арт. 110462;Cuffed Knit Pant Брюки арт. 110462;714;S;Магазин, Немига 5;1.00;69.00;BYN;Женщины;Обувь;Бег
110462;110462;Cuffed Knit Pant Брюки арт. 110462;Cuffed Knit Pant Брюки арт. 110462;8052;S;Магазин, Немига 5;1.00;69.00;BYN;Женщины;Обувь;Бег
110462;110462;Cuffed Knit Pant Брюки арт. 110462;Cuffed Knit Pant Брюки арт. 110462;714;S;Магазин, Ленинградская 1;1.00;69.00;BYN;Женщины;Обувь;Бег
321746;321746;3PPK Quarter Sock Носки (3 пары в уп.) арт. 321746;3PPK Quarter Sock Носки (3 пары в уп.) арт. 321746;184;III;Центральный;2.00;13.90;BYN;Женщины;Обувь;Бег
321746;321746;3PPK Quarter Sock Носки (3 пары в уп.) арт. 321746;3PPK Quarter Sock Носки (3 пары в уп.) арт. 321746;184;IV;Центральный;2.00;13.90;BYN;Женщины;Обувь;Бег
321746;321746;3PPK Quarter Sock Носки (3 пары в уп.) арт. 321746;3PPK Quarter Sock Носки (3 пары в уп.) арт. 321746;184;III;Магазин, Немига 5;2.00;13.90;BYN;Женщины;Обувь;Бег
321746;321746;3PPK Quarter Sock Носки (3 пары в уп.) арт. 321746;3PPK Quarter Sock Носки (3 пары в уп.) арт. 321746;1;III;Магазин, Ленинградская 1;1.00;18.00;BYN;Женщины;Обувь;Бег
321746;321746;3PPK Quarter Sock Носки (3 пары в уп.) арт. 321746;3PPK Quarter Sock Носки (3 пары в уп.) арт. 321746;184;III;Магазин, Ленинградская 1;3.00;13.90;BYN;Женщины;Обувь;Бег
321746;321746;3PPK Quarter Sock Носки (3 пары в уп.) арт. 321746;3PPK Quarter Sock Носки (3 пары в уп.) арт. 321746;184;IV;Магазин, Ленинградская 1;3.00;13.90;BYN;Женщины;Обувь;Бег
T415/416Z1;T415/416Z1;MADRID Костюм арт. T415/416Z1;MADRID Костюм арт. T415/416Z1;50;XXXL;Центральный;2.00;102.00;BYN;Женщины;Обувь;Бег
T415/416Z1;T415/416Z1;MADRID Костюм арт. T415/416Z1;MADRID Костюм арт. T415/416Z1;50;XXL;Центральный;1.00;102.00;BYN;Женщины;Обувь;Бег
T415/416Z1;T415/416Z1;MADRID Костюм арт. T415/416Z1;MADRID Костюм арт. T415/416Z1;00QV/0090;XXXL;Центральный;5.00;102.00;BYN;Женщины;Обувь;Бег
T415/416Z1;T415/416Z1;MADRID Костюм арт. T415/416Z1;MADRID Костюм арт. T415/416Z1;00QV/0090;XL;Центральный;4.00;102.00;BYN;Женщины;Обувь;Бег
T415/416Z1;T415/416Z1;MADRID Костюм арт. T415/416Z1;MADRID Костюм арт. T415/416Z1;00QV/0090;XXL;Центральный;5.00;102.00;BYN;Женщины;Обувь;Бег
T415/416Z1;T415/416Z1;MADRID Костюм арт. T415/416Z1;MADRID Костюм арт. T415/416Z1;90;XXXL;Центральный;5.00;102.00;BYN;Женщины;Обувь;Бег
T415/416Z1;T415/416Z1;MADRID Костюм арт. T415/416Z1;MADRID Костюм арт. T415/416Z1;90;XXL;Центральный;1.00;102.00;BYN;Женщины;Обувь;Бег
T415/416Z1;T415/416Z1;MADRID Костюм арт. T415/416Z1;MADRID Костюм арт. T415/416Z1;0026/0050;XXL;Центральный;5.00;102.00;BYN;Женщины;Обувь;Бег
T415/416Z1;T415/416Z1;MADRID Костюм арт. T415/416Z1;MADRID Костюм арт. T415/416Z1;0026/0050;XL;Центральный;3.00;102.00;BYN;Женщины;Обувь;Бег
T415/416Z1;T415/416Z1;MADRID Костюм арт. T415/416Z1;MADRID Костюм арт. T415/416Z1;0080/0090;L;Центральный;5.00;102.00;BYN;Женщины;Обувь;Бег
T415/416Z1;T415/416Z1;MADRID Костюм арт. T415/416Z1;MADRID Костюм арт. T415/416Z1;50;XXXL;Магазин, Немига 5;1.00;102.00;BYN;Женщины;Обувь;Бег
T415/416Z1;T415/416Z1;MADRID Костюм арт. T415/416Z1;MADRID Костюм арт. T415/416Z1;50;XL;Магазин, Немига 5;1.00;102.00;BYN;Женщины;Обувь;Бег
T415/416Z1;T415/416Z1;MADRID Костюм арт. T415/416Z1;MADRID Костюм арт. T415/416Z1;50;XXL;Магазин, Немига 5;1.00;102.00;BYN;Женщины;Обувь;Бег
T415/416Z1;T415/416Z1;MADRID Костюм арт. T415/416Z1;MADRID Костюм арт. T415/416Z1;50;S;Магазин, Немига 5;1.00;102.00;BYN;Женщины;Обувь;Бег
T415/416Z1;T415/416Z1;MADRID Костюм арт. T415/416Z1;MADRID Костюм арт. T415/416Z1;00QV/0090;XXXL;Магазин, Немига 5;1.00;102.00;BYN;Женщины;Обувь;Бег
T415/416Z1;T415/416Z1;MADRID Костюм арт. T415/416Z1;MADRID Костюм арт. T415/416Z1;00QV/0090;L;Магазин, Немига 5;1.00;102.00;BYN;Женщины;Обувь;Бег
T415/416Z1;T415/416Z1;MADRID Костюм арт. T415/416Z1;MADRID Костюм арт. T415/416Z1;00QV/0090;XL;Магазин, Немига 5;1.00;102.00;BYN;Женщины;Обувь;Бег
T415/416Z1;T415/416Z1;MADRID Костюм арт. T415/416Z1;MADRID Костюм арт. T415/416Z1;00QV/0090;XXL;Магазин, Немига 5;1.00;102.00;BYN;Женщины;Обувь;Бег
T415/416Z1;T415/416Z1;MADRID Костюм арт. T415/416Z1;MADRID Костюм арт. T415/416Z1;90;XXXL;Магазин, Немига 5;1.00;102.00;BYN;Женщины;Обувь;Бег
T415/416Z1;T415/416Z1;MADRID Костюм арт. T415/416Z1;MADRID Костюм арт. T415/416Z1;90;XXL;Магазин, Немига 5;1.00;102.00;BYN;Женщины;Обувь;Бег
T415/416Z1;T415/416Z1;MADRID Костюм арт. T415/416Z1;MADRID Костюм арт. T415/416Z1;0026/0050;XXL;Магазин, Немига 5;1.00;102.00;BYN;Женщины;Обувь;Бег
T415/416Z1;T415/416Z1;MADRID Костюм арт. T415/416Z1;MADRID Костюм арт. T415/416Z1;0026/0050;XXXl;Магазин, Немига 5;1.00;102.00;BYN;Женщины;Обувь;Бег
T415/416Z1;T415/416Z1;MADRID Костюм арт. T415/416Z1;MADRID Костюм арт. T415/416Z1;0080/0090;XL;Магазин, Немига 5;1.00;102.00;BYN;Женщины;Обувь;Бег
T415/416Z1;T415/416Z1;MADRID Костюм арт. T415/416Z1;MADRID Костюм арт. T415/416Z1;0080/0090;XXL;Магазин, Немига 5;1.00;102.00;BYN;Женщины;Обувь;Бег
T415/416Z1;T415/416Z1;MADRID Костюм арт. T415/416Z1;MADRID Костюм арт. T415/416Z1;0080/0090;XXXL;Магазин, Немига 5;1.00;102.00;BYN;Женщины;Обувь;Бег
T415/416Z1;T415/416Z1;MADRID Костюм арт. T415/416Z1;MADRID Костюм арт. T415/416Z1;0080/0090;L;Магазин, Немига 5;1.00;102.00;BYN;Женщины;Обувь;Бег
T415/416Z1;T415/416Z1;MADRID Костюм арт. T415/416Z1;MADRID Костюм арт. T415/416Z1;00AS/0050;XXXL;Магазин, Немига 5;1.00;102.00;BYN;Женщины;Обувь;Бег
T415/416Z1;T415/416Z1;MADRID Костюм арт. T415/416Z1;MADRID Костюм арт. T415/416Z1;50;XXXL;Магазин, Ленинградская 1;1.00;102.00;BYN;Женщины;Обувь;Бег
T415/416Z1;T415/416Z1;MADRID Костюм арт. T415/416Z1;MADRID Костюм арт. T415/416Z1;50;XXL;Магазин, Ленинградская 1;1.00;102.00;BYN;Женщины;Обувь;Бег
T415/416Z1;T415/416Z1;MADRID Костюм арт. T415/416Z1;MADRID Костюм арт. T415/416Z1;00QV/0090;XXXL;Магазин, Ленинградская 1;1.00;102.00;BYN;Женщины;Обувь;Бег
T415/416Z1;T415/416Z1;MADRID Костюм арт. T415/416Z1;MADRID Костюм арт. T415/416Z1;00QV/0090;L;Магазин, Ленинградская 1;1.00;102.00;BYN;Женщины;Обувь;Бег
T415/416Z1;T415/416Z1;MADRID Костюм арт. T415/416Z1;MADRID Костюм арт. T415/416Z1;00QV/0090;XL;Магазин, Ленинградская 1;1.00;102.00;BYN;Женщины;Обувь;Бег
T415/416Z1;T415/416Z1;MADRID Костюм арт. T415/416Z1;MADRID Костюм арт. T415/416Z1;00QV/0090;XXL;Магазин, Ленинградская 1;1.00;102.00;BYN;Женщины;Обувь;Бег
T415/416Z1;T415/416Z1;MADRID Костюм арт. T415/416Z1;MADRID Костюм арт. T415/416Z1;90;XXXL;Магазин, Ленинградская 1;1.00;102.00;BYN;Женщины;Обувь;Бег
T415/416Z1;T415/416Z1;MADRID Костюм арт. T415/416Z1;MADRID Костюм арт. T415/416Z1;90;XXL;Магазин, Ленинградская 1;1.00;102.00;BYN;Женщины;Обувь;Бег
T415/416Z1;T415/416Z1;MADRID Костюм арт. T415/416Z1;MADRID Костюм арт. T415/416Z1;0026/0050;XXL;Магазин, Ленинградская 1;1.00;102.00;BYN;Женщины;Обувь;Бег
T415/416Z1;T415/416Z1;MADRID Костюм арт. T415/416Z1;MADRID Костюм арт. T415/416Z1;0026/0050;XL;Магазин, Ленинградская 1;1.00;102.00;BYN;Женщины;Обувь;Бег
T415/416Z1;T415/416Z1;MADRID Костюм арт. T415/416Z1;MADRID Костюм арт. T415/416Z1;0026/0050;XXXl;Магазин, Ленинградская 1;1.00;102.00;BYN;Женщины;Обувь;Бег
T415/416Z1;T415/416Z1;MADRID Костюм арт. T415/416Z1;MADRID Костюм арт. T415/416Z1;0080/0090;XXL;Магазин, Ленинградская 1;1.00;102.00;BYN;Женщины;Обувь;Бег
T415/416Z1;T415/416Z1;MADRID Костюм арт. T415/416Z1;MADRID Костюм арт. T415/416Z1;0080/0090;XXXL;Магазин, Ленинградская 1;1.00;102.00;BYN;Женщины;Обувь;Бег
T415/416Z1;T415/416Z1;MADRID Костюм арт. T415/416Z1;MADRID Костюм арт. T415/416Z1;0080/0090;L;Магазин, Ленинградская 1;1.00;102.00;BYN;Женщины;Обувь;Бег
T5C2N;T5C2N;GEL-TROUNCE 3 Спортивная обувь арт. T5C2N;GEL-TROUNCE 3 Спортивная обувь арт. T5C2N;3901;8;Магазин, Немига 5;1.00;139.80;BYN;Женщины;Обувь;Бег
T5C2N;T5C2N;GEL-TROUNCE 3 Спортивная обувь арт. T5C2N;GEL-TROUNCE 3 Спортивная обувь арт. T5C2N;3901;8;Магазин, Ленинградская 1;1.00;139.80;BYN;Женщины;Обувь;Бег
T5C7N;T5C7N;GEL-TROUNCE 3 Спортивная обувь арт. T5C7N;GEL-TROUNCE 3 Спортивная обувь арт. T5C7N;3693;8;Магазин, Немига 5;1.00;139.80;BYN;Женщины;Обувь;Бег
T5C7N;T5C7N;GEL-TROUNCE 3 Спортивная обувь арт. T5C7N;GEL-TROUNCE 3 Спортивная обувь арт. T5C7N;3693;9;Магазин, Немига 5;1.00;139.80;BYN;Женщины;Обувь;Бег
T5C7N;T5C7N;GEL-TROUNCE 3 Спортивная обувь арт. T5C7N;GEL-TROUNCE 3 Спортивная обувь арт. T5C7N;3693;9H;Магазин, Немига 5;1.00;139.80;BYN;Женщины;Обувь;Бег
T5C7N;T5C7N;GEL-TROUNCE 3 Спортивная обувь арт. T5C7N;GEL-TROUNCE 3 Спортивная обувь арт. T5C7N;3693;10;Магазин, Ленинградская 1;1.00;139.80;BYN;Женщины;Обувь;Бег
T5D3N;T5D3N;GEL-CUMULUS 17 Спортивная обувь арт. T5D3N;GEL-CUMULUS 17 Спортивная обувь арт. T5D3N;4090;10H;Магазин, Арена-Сити;1.00;240.00;BYN;Женщины;Обувь;Бег
T5F6N;T5F6N;GEL-PULSE 7 Спортивная обувь арт. T5F6N;GEL-PULSE 7 Спортивная обувь арт. T5F6N;3293;9H;Магазин, Немига 5;1.00;165.00;BYN;Женщины;Обувь;Бег
T5F6N;T5F6N;GEL-PULSE 7 Спортивная обувь арт. T5F6N;GEL-PULSE 7 Спортивная обувь арт. T5F6N;3293;10;Магазин, Ленинградская 1;1.00;165.00;BYN;Женщины;Обувь;Бег
T5L1N;T5L1N;GEL-FujiTrabuco 4 Спортивная обувь арт. T5L1N;GEL-FujiTrabuco 4 Спортивная обувь арт. T5L1N;2907;8;Магазин, Немига 5;1.00;189.00;BYN;Женщины;Обувь;Бег
H5N4L;H5N4L;GEL-KAYANO TRAINER Спортивная обувь арт. H5N4L;GEL-KAYANO TRAINER Спортивная обувь арт. H5N4L;2323;10H;Магазин, Немига 5;1.00;258.00;BYN;Женщины;Обувь;Бег
H5N4L;H5N4L;GEL-KAYANO TRAINER Спортивная обувь арт. H5N4L;GEL-KAYANO TRAINER Спортивная обувь арт. H5N4L;2323;11;Магазин, Немига 5;1.00;258.00;BYN;Женщины;Обувь;Бег
15935096;15935096;Kv.Rezac Сетка волейбольная тренировочная, стальной трос;Kv.Rezac Сетка волейбольная тренировочная, стальной трос;;;Центральный;16.00;195.00;BYN;Женщины;Обувь;Бег
MVT 500;MVT 500;MIKASA Мяч волейбольный арт. MVT 500 РБ арт. MVT 500;MIKASA Мяч волейбольный арт. MVT 500 РБ арт. MVT 500;;;Центральный;3.00;106.00;BYN;Женщины;Обувь;Бег
121561;121561;Logo Knit Pant Брюки арт. 121561;Logo Knit Pant Брюки арт. 121561;904;M;Центральный;1.00;60.00;BYN;Женщины;Обувь;Бег
121561;121561;Logo Knit Pant Брюки арт. 121561;Logo Knit Pant Брюки арт. 121561;904;S;Магазин, Немига 5;3.00;60.00;BYN;Женщины;Обувь;Бег
121561;121561;Logo Knit Pant Брюки арт. 121561;Logo Knit Pant Брюки арт. 121561;904;M;Магазин, Немига 5;3.00;60.00;BYN;Женщины;Обувь;Бег
121561;121561;Logo Knit Pant Брюки арт. 121561;Logo Knit Pant Брюки арт. 121561;904;S;Магазин, Ленинградская 1;1.00;60.00;BYN;Женщины;Обувь;Бег
121089;121089;Sprinter Шорты арт. 121089;Sprinter Шорты арт. 121089;904;S;Магазин, Немига 5;2.00;89.40;BYN;Женщины;Обувь;Бег
121089;121089;Sprinter Шорты арт. 121089;Sprinter Шорты арт. 121089;904;M;Магазин, Немига 5;2.00;89.40;BYN;Женщины;Обувь;Бег
121089;121089;Sprinter Шорты арт. 121089;Sprinter Шорты арт. 121089;904;L;Магазин, Немига 5;2.00;89.40;BYN;Женщины;Обувь;Бег
121089;121089;Sprinter Шорты арт. 121089;Sprinter Шорты арт. 121089;904;S;Магазин, Арена-Сити;1.00;89.40;BYN;Женщины;Обувь;Бег
121089;121089;Sprinter Шорты арт. 121089;Sprinter Шорты арт. 121089;904;M;Магазин, Арена-Сити;1.00;89.40;BYN;Женщины;Обувь;Бег
124663;124663;BRA TOP Топ-бра арт. 124663;BRA TOP Топ-бра арт. 124663;258;XS;Магазин, Немига 5;2.00;45.00;BYN;Женщины;Обувь;Бег
124675;124675;3/4 TIGHT Брюки (Бриджи) арт. 124675;3/4 TIGHT Брюки (Бриджи) арт. 124675;8091;S;Магазин, Немига 5;1.00;76.80;BYN;Женщины;Обувь;Бег
124675;124675;3/4 TIGHT Брюки (Бриджи) арт. 124675;3/4 TIGHT Брюки (Бриджи) арт. 124675;6019;S;Магазин, Ленинградская 1;1.00;76.80;BYN;Женщины;Обувь;Бег
124675;124675;3/4 TIGHT Брюки (Бриджи) арт. 124675;3/4 TIGHT Брюки (Бриджи) арт. 124675;8091;M;Магазин, Арена-Сити;1.00;76.80;BYN;Женщины;Обувь;Бег
124675;124675;3/4 TIGHT Брюки (Бриджи) арт. 124675;3/4 TIGHT Брюки (Бриджи) арт. 124675;8091;S;Магазин, Арена-Сити;1.00;76.80;BYN;Женщины;Обувь;Бег
124675;124675;3/4 TIGHT Брюки (Бриджи) арт. 124675;3/4 TIGHT Брюки (Бриджи) арт. 124675;8091;XS;Магазин, Арена-Сити;1.00;76.80;BYN;Женщины;Обувь;Бег
124757;124757;1/2 Zip Hoody Джемпер арт. 124757;1/2 Zip Hoody Джемпер арт. 124757;8123;L;Магазин, Арена-Сити;1.00;88.80;BYN;Женщины;Обувь;Бег
125052;125052;SEAMLESS TOP Футболка арт. 125052;SEAMLESS TOP Футболка арт. 125052;672;M;Магазин, Немига 5;2.00;78.00;BYN;Женщины;Обувь;Бег
125052;125052;SEAMLESS TOP Футболка арт. 125052;SEAMLESS TOP Футболка арт. 125052;8123;S;Магазин, Немига 5;3.00;78.00;BYN;Женщины;Обувь;Бег
125052;125052;SEAMLESS TOP Футболка арт. 125052;SEAMLESS TOP Футболка арт. 125052;779;S;Магазин, Ленинградская 1;1.00;78.00;BYN;Женщины;Обувь;Бег
125052;125052;SEAMLESS TOP Футболка арт. 125052;SEAMLESS TOP Футболка арт. 125052;8123;XL;Магазин, Ленинградская 1;1.00;78.00;BYN;Женщины;Обувь;Бег
125052;125052;SEAMLESS TOP Футболка арт. 125052;SEAMLESS TOP Футболка арт. 125052;779;S;Магазин, Арена-Сити;1.00;78.00;BYN;Женщины;Обувь;Бег
125052;125052;SEAMLESS TOP Футболка арт. 125052;SEAMLESS TOP Футболка арт. 125052;8123;S;Магазин, Арена-Сити;1.00;78.00;BYN;Женщины;Обувь;Бег
125052;125052;SEAMLESS TOP Футболка арт. 125052;SEAMLESS TOP Футболка арт. 125052;8123;M;Магазин, Арена-Сити;1.00;78.00;BYN;Женщины;Обувь;Бег
125052;125052;SEAMLESS TOP Футболка арт. 125052;SEAMLESS TOP Футболка арт. 125052;779;XXL;Магазин, Арена-Сити;1.00;78.00;BYN;Женщины;Обувь;Бег
125071;125071;KNIT PANT Брюки арт. 125071;KNIT PANT Брюки арт. 125071;904;XXL;Магазин, Немига 5;1.00;79.80;BYN;Женщины;Обувь;Бег
125071;125071;KNIT PANT Брюки арт. 125071;KNIT PANT Брюки арт. 125071;904;XL;Магазин, Арена-Сити;1.00;79.80;BYN;Женщины;Обувь;Бег
125093;125093;GRAPHIC HOODIE Джемпер арт. 125093;GRAPHIC HOODIE Джемпер арт. 125093;773;L;Центральный;1.00;85.20;BYN;Женщины;Обувь;Бег
125093;125093;GRAPHIC HOODIE Джемпер арт. 125093;GRAPHIC HOODIE Джемпер арт. 125093;8052;XL;Центральный;1.00;89.40;BYN;Женщины;Обувь;Бег
125093;125093;GRAPHIC HOODIE Джемпер арт. 125093;GRAPHIC HOODIE Джемпер арт. 125093;8052;M;Магазин, Ленинградская 1;1.00;89.40;BYN;Женщины;Обувь;Бег
125097;125097;LOGO KNIT SHORT 11in Шорты арт. 125097;LOGO KNIT SHORT 11in Шорты арт. 125097;773;XXL;Магазин, Ленинградская 1;1.00;55.20;BYN;Женщины;Обувь;Бег
125098;125098;GRAPHIC KNIT SHORT 11in Шорты арт. 125098;GRAPHIC KNIT SHORT 11in Шорты арт. 125098;904;M;Магазин, Немига 5;2.00;66.00;BYN;Женщины;Обувь;Бег
125098;125098;GRAPHIC KNIT SHORT 11in Шорты арт. 125098;GRAPHIC KNIT SHORT 11in Шорты арт. 125098;904;L;Магазин, Немига 5;1.00;66.00;BYN;Женщины;Обувь;Бег
125098;125098;GRAPHIC KNIT SHORT 11in Шорты арт. 125098;GRAPHIC KNIT SHORT 11in Шорты арт. 125098;904;XXL;Магазин, Немига 5;1.00;66.00;BYN;Женщины;Обувь;Бег
125098;125098;GRAPHIC KNIT SHORT 11in Шорты арт. 125098;GRAPHIC KNIT SHORT 11in Шорты арт. 125098;6013;M;Магазин, Немига 5;3.00;66.00;BYN;Женщины;Обувь;Бег
125098;125098;GRAPHIC KNIT SHORT 11in Шорты арт. 125098;GRAPHIC KNIT SHORT 11in Шорты арт. 125098;6013;L;Магазин, Немига 5;3.00;66.00;BYN;Женщины;Обувь;Бег
125098;125098;GRAPHIC KNIT SHORT 11in Шорты арт. 125098;GRAPHIC KNIT SHORT 11in Шорты арт. 125098;8123;L;Магазин, Немига 5;1.00;66.00;BYN;Женщины;Обувь;Бег
125098;125098;GRAPHIC KNIT SHORT 11in Шорты арт. 125098;GRAPHIC KNIT SHORT 11in Шорты арт. 125098;904;M;Магазин, Ленинградская 1;1.00;66.00;BYN;Женщины;Обувь;Бег
125098;125098;GRAPHIC KNIT SHORT 11in Шорты арт. 125098;GRAPHIC KNIT SHORT 11in Шорты арт. 125098;904;L;Магазин, Ленинградская 1;2.00;66.00;BYN;Женщины;Обувь;Бег
125098;125098;GRAPHIC KNIT SHORT 11in Шорты арт. 125098;GRAPHIC KNIT SHORT 11in Шорты арт. 125098;904;XL;Магазин, Ленинградская 1;1.00;66.00;BYN;Женщины;Обувь;Бег
125098;125098;GRAPHIC KNIT SHORT 11in Шорты арт. 125098;GRAPHIC KNIT SHORT 11in Шорты арт. 125098;904;XXL;Магазин, Ленинградская 1;1.00;66.00;BYN;Женщины;Обувь;Бег
125098;125098;GRAPHIC KNIT SHORT 11in Шорты арт. 125098;GRAPHIC KNIT SHORT 11in Шорты арт. 125098;8052;L;Магазин, Ленинградская 1;2.00;66.00;BYN;Женщины;Обувь;Бег
125098;125098;GRAPHIC KNIT SHORT 11in Шорты арт. 125098;GRAPHIC KNIT SHORT 11in Шорты арт. 125098;8052;XL;Магазин, Ленинградская 1;1.00;66.00;BYN;Женщины;Обувь;Бег
125098;125098;GRAPHIC KNIT SHORT 11in Шорты арт. 125098;GRAPHIC KNIT SHORT 11in Шорты арт. 125098;8123;M;Магазин, Ленинградская 1;1.00;66.00;BYN;Женщины;Обувь;Бег
125098;125098;GRAPHIC KNIT SHORT 11in Шорты арт. 125098;GRAPHIC KNIT SHORT 11in Шорты арт. 125098;8123;L;Магазин, Ленинградская 1;3.00;66.00;BYN;Женщины;Обувь;Бег
125098;125098;GRAPHIC KNIT SHORT 11in Шорты арт. 125098;GRAPHIC KNIT SHORT 11in Шорты арт. 125098;8123;XL;Магазин, Ленинградская 1;2.00;66.00;BYN;Женщины;Обувь;Бег
